Type,Uniform-randoms,Uniform-randoms2,Expo-A,Expo-S, 
min,0.000854518,0.000640889,0.000305222,0.000167875
max,0.999695,0.999664,7.06497,3.67633
median,0.521699,0.483764,0.650665,0.363079
